[{"id":1,"email":"timmy_tc.leung@online.island.edu.hk","password":"$2a$10$v9MVyUrVJb9Yml.IBa2FN.HuRrBiXzLDBMB/Rmzip8fvKOMC8af0O","role_id":1,"reset_password_token":null,"reset_password_expiry":null,"language":null,"disabled":false,"api_token":null,"_attributes":null,"verification_token":null,"verified_on":null,"last_mobile_login":null},
{"id":3,"email":"mrerror202011@gmail.com","password":"$2a$10$Wjzn9gEtDsCxagvWXjrU3eWu/b6aDwOB/pEnzFyOPmxGEdNpijif6","role_id":80,"reset_password_token":null,"reset_password_expiry":null,"language":null,"disabled":false,"api_token":null,"_attributes":null,"verification_token":null,"verified_on":null,"last_mobile_login":null},
{"id":4,"email":"feng.yap@online.island.edu.hk","password":"$2a$10$Rj9froBDBTLCDGWYTfMlReiHQGEmr.fCDsM8ZegR1Y4Q1uSYUS6vC","role_id":1,"reset_password_token":null,"reset_password_expiry":null,"language":null,"disabled":false,"api_token":null,"_attributes":null,"verification_token":null,"verified_on":null,"last_mobile_login":null},
{"id":2,"email":"josiah.lau@online.island.edu.hk","password":"$2a$10$Nw/XAEM.EjafxMV11wacS..dyhszdJSMl6gqffGRzvAOaMRJDRH4.","role_id":1,"reset_password_token":null,"reset_password_expiry":null,"language":null,"disabled":false,"api_token":null,"_attributes":{},"verification_token":null,"verified_on":null,"last_mobile_login":null},
{"id":5,"email":"homework@gmail.com","password":"$2a$10$jJL0EVRyKvMDVUEt.cHMz.LPdJNo4I2UCb1IqxJkGnNW8Vlu3l00e","role_id":1,"reset_password_token":null,"reset_password_expiry":null,"language":null,"disabled":false,"api_token":null,"_attributes":null,"verification_token":null,"verified_on":null,"last_mobile_login":null}]
