[{"id":33,"description":"Finish a page","subject":"Design technology","due_date":"2025-09-22"},
{"id":34,"description":"Century","subject":"English","due_date":"2025-09-21"},
{"id":35,"description":"catch up","subject":"Chemistry","due_date":"2025-09-22"},
{"id":36,"description":"Submit english ","subject":"English","due_date":"2025-09-22"},
{"id":37,"description":"Get feng to make a slide","subject":"Others","due_date":"2025-09-22"},
{"id":38,"description":"Summon dear Satan","subject":"Demonology","due_date":"2025-09-22"},
{"id":39,"description":"Revise and check the answers for com sc","subject":"Computer Science","due_date":"2025-09-23"}]
