[{"id":15,"description":"Josiah has a kid in his basement","subject":"Visual Arts","due_date":"2301-01-01"},
{"id":17,"description":"Dr frost","subject":"Math","due_date":"2025-09-17"},
{"id":18,"description":"Dr frost","subject":"Math","due_date":"2025-09-17"},
{"id":19,"description":"Dr frost","subject":"Math","due_date":"2025-09-17"},
{"id":20,"description":"Dr frost","subject":"Math","due_date":"2025-09-17"},
{"id":21,"description":"tf is get laid","subject":"English","due_date":"2025-09-17"},
{"id":22,"description":"Ask Satan for a favor","subject":"Demonology","due_date":"2025-09-18"},
{"id":23,"description":"Pray to the nearest divine being you summoned","subject":"Religions","due_date":"2025-09-17"},
{"id":24,"description":"Burn the kitchen","subject":"Food tech","due_date":"2025-09-21"}]
